City_ID,City,Country,Lat,Lng,Max Temp,Humidity,Cloudiness,Wind Speed,Current Description
0,Santa Rosa,PH,14.3122,121.1114,80.01,83,20,3.44,few clouds
1,Mataura,NZ,-46.1927,168.8643,52.43,88,99,1.88,overcast clouds
2,Codajas,BR,-3.8367,-62.0569,89.13,60,72,4.65,moderate rain
3,Melo,UY,-32.3667,-54.1833,84.94,46,0,2.1,clear sky
4,San Patricio,US,28.017,-97.5169,64.99,59,1,13.8,clear sky
5,Vaini,TO,-21.2,-175.2,77.0,94,75,10.36,light rain
6,Tarko-Sale,RU,64.9225,77.785,16.07,97,100,19.22,light snow
7,Bredasdorp,ZA,-34.5322,20.0403,69.8,52,89,10.36,overcast clouds
8,Oktyabrskoye,RU,43.0645,44.7417,26.6,100,90,2.24,overcast clouds
9,Matata,NZ,-37.8833,176.75,59.0,91,76,1.01,broken clouds
10,Mar Del Plata,AR,-38.0023,-57.5575,64.4,82,90,8.05,moderate rain
11,Avarua,CK,-21.2078,-159.775,78.8,89,2,4.61,clear sky
12,Lamar,US,33.6668,-95.5836,39.99,100,90,9.22,overcast clouds
13,Moree,AU,-29.4667,149.85,66.2,82,0,6.91,clear sky
14,Yumen,CN,40.2833,97.2,31.3,70,58,9.1,broken clouds
15,Formosa,AR,-26.1775,-58.1781,84.2,45,0,8.05,clear sky
16,Dikson,RU,73.5069,80.5464,-27.78,86,91,10.78,overcast clouds
17,Ponta Do Sol,PT,32.6667,-17.1,61.0,69,85,7.0,overcast clouds
18,Jieshi,CN,22.8134,115.8257,63.01,81,0,11.63,clear sky
19,Ayagoz,KZ,47.9714,80.4392,28.74,98,99,15.75,overcast clouds
20,Arraial Do Cabo,BR,-22.9661,-42.0278,77.0,83,75,9.22,moderate rain
21,Busselton,AU,-33.65,115.3333,63.0,98,100,14.67,overcast clouds
22,Bluff,NZ,-46.6,168.3333,54.34,89,100,4.88,overcast clouds
23,Torbay,CA,47.6666,-52.7314,34.0,59,40,33.38,scattered clouds
24,Bethel,US,41.3712,-73.414,28.0,93,90,4.61,fog
25,Ushuaia,AR,-54.8,-68.3,59.0,55,0,13.8,clear sky
26,Cooma,AU,-36.2333,149.1333,51.8,82,90,5.75,overcast clouds
27,Yellowknife,CA,62.456,-114.3525,-45.0,65,1,4.61,clear sky
28,Atuona,PF,-9.8,-139.0333,79.03,76,38,21.05,scattered clouds
29,Puerto Ayora,EC,-0.7393,-90.3518,84.2,70,0,18.41,clear sky
30,Albany,US,42.6001,-73.9662,25.0,75,100,5.53,snow
31,Saskylakh,RU,71.9167,114.0833,-38.31,78,25,11.92,scattered clouds
32,Hauterive,FR,46.0901,3.4459,44.6,61,75,8.05,broken clouds
33,Nikolskoye,RU,59.7035,30.7861,15.8,92,75,11.18,light snow
34,Calamar,CO,10.2511,-74.9146,89.6,58,0,3.44,clear sky
35,Coos Bay,US,43.3665,-124.2179,44.6,93,90,3.44,overcast clouds
36,High Level,CA,58.5169,-117.136,-40.0,67,40,3.27,fog
37,Matara,LK,5.9485,80.5353,76.89,87,31,1.9,scattered clouds
38,Hermanus,ZA,-34.4187,19.2345,70.0,67,57,3.0,broken clouds
39,Sistranda,NO,63.7256,8.834,23.0,86,40,6.91,scattered clouds
40,Carnarvon,AU,-24.8667,113.6333,78.8,100,11,12.66,few clouds
41,Tasiilaq,GL,65.6145,-37.6368,21.2,58,1,3.44,clear sky
42,Hobart,AU,-42.8794,147.3294,55.4,58,90,9.22,overcast clouds
43,Rikitea,PF,-23.1203,-134.9692,77.2,73,95,11.45,light rain
44,Kapaa,US,22.0752,-159.319,60.8,72,1,11.5,clear sky
45,Inhambane,MZ,-23.865,35.3833,86.0,70,20,6.91,few clouds
46,Trzebnica,PL,51.3108,17.0633,21.99,85,100,1.01,overcast clouds
47,Souillac,MU,-20.5167,57.5167,80.6,78,20,10.36,few clouds
48,Alice Springs,AU,-23.7,133.8833,78.01,35,33,6.91,scattered clouds
49,Ancud,CL,-41.8697,-73.8203,78.8,36,0,4.61,clear sky
50,Pangnirtung,CA,66.1451,-65.7125,28.27,80,0,15.14,clear sky
51,Barranca,PE,-10.75,-77.7667,76.14,61,100,7.7,overcast clouds
52,Lubliniec,PL,50.669,18.6844,19.99,86,90,18.41,snow
53,Longyearbyen,SJ,78.2186,15.6401,17.6,67,75,19.57,light snow
54,Pevek,RU,69.7008,170.3133,-7.51,87,0,1.48,clear sky
55,Jacksonville Beach,US,30.2947,-81.3931,62.6,77,75,13.8,broken clouds
56,Luderitz,NA,-26.6481,15.1594,76.23,51,0,31.94,clear sky
57,Barrow,US,71.2906,-156.7887,-18.4,69,1,11.5,light snow
58,Madang,PG,-5.2246,145.7966,76.82,87,100,4.5,overcast clouds
59,Nanortalik,GL,60.1432,-45.2371,34.25,82,100,17.94,overcast clouds
60,Matamoros,MX,25.5333,-103.25,55.4,16,75,2.46,broken clouds
61,Qaanaaq,GL,77.484,-69.3632,10.85,88,99,3.8,overcast clouds
62,Chokurdakh,RU,70.6333,147.9167,-27.49,84,56,4.36,broken clouds
63,Saint George,US,37.1041,-113.5841,33.8,51,1,0.45,clear sky
64,Pisco,PE,-13.7,-76.2167,75.99,83,75,5.75,broken clouds
65,Fortuna,US,40.5982,-124.1573,45.0,93,90,3.71,overcast clouds
66,Olafsvik,IS,64.8945,-23.7142,34.0,84,0,14.56,clear sky
67,Hilo,US,19.7297,-155.09,64.4,59,20,8.05,few clouds
68,Biak,ID,-0.9131,122.8766,77.68,80,100,2.35,overcast clouds
69,Isangel,VU,-19.55,169.2667,77.0,94,20,3.71,few clouds
70,Tecoanapa,MX,16.5167,-98.75,83.91,57,23,3.74,few clouds
71,Andros Town,BS,24.7,-77.7667,78.8,83,75,16.11,broken clouds
72,Lorengau,PG,-2.0226,147.2712,81.81,81,97,8.75,overcast clouds
73,Murgab,TM,37.4966,61.9714,53.6,62,75,4.61,broken clouds
74,Omagari,JP,39.45,140.4833,25.88,96,97,10.13,light snow
75,Mayumba,GA,-3.432,10.6554,81.16,83,81,7.58,moderate rain
76,Cherskiy,RU,68.75,161.3,-3.42,73,59,1.86,broken clouds
77,Punta Arenas,CL,-53.15,-70.9167,62.6,34,0,12.66,clear sky
78,Daitari,IN,21.1,85.75,58.21,77,14,1.92,few clouds
79,Coahuayana,MX,18.7333,-103.6833,71.6,73,1,3.51,clear sky
80,Macamic,CA,48.7502,-78.9996,12.2,62,75,9.22,light snow
81,Santa Cruz De La Palma,ES,28.6835,-17.7642,66.2,63,75,11.5,broken clouds
82,Port Elizabeth,ZA,-33.918,25.5701,68.0,94,75,8.05,broken clouds
83,Mount Isa,AU,-20.7333,139.5,78.8,94,40,5.75,scattered clouds
84,Khatanga,RU,71.9667,102.5,-31.88,79,0,8.72,clear sky
85,Geraldton,AU,-28.7667,114.6,69.8,78,40,10.36,scattered clouds
86,Upernavik,GL,72.7868,-56.1549,18.5,80,22,2.77,few clouds
87,Isabela,PH,6.7085,121.9711,78.8,89,75,1.14,broken clouds
88,Butaritari,KI,3.0707,172.7902,80.58,81,28,17.31,scattered clouds
89,Codrington,AU,-38.2667,141.9667,56.39,68,86,10.96,overcast clouds
90,Russell,US,32.3502,-85.1999,48.2,71,90,6.91,overcast clouds
91,Pacific Grove,US,36.6177,-121.9166,45.0,87,1,3.44,clear sky
92,East London,ZA,-33.0153,27.9116,73.4,83,20,6.91,few clouds
93,Srednekolymsk,RU,67.45,153.6833,-7.69,87,100,7.58,overcast clouds
94,Airai,TL,-8.9266,125.4092,61.23,100,100,2.33,overcast clouds
95,Salalah,OM,17.0151,54.0924,75.2,69,75,3.44,broken clouds
96,Goure,NE,13.9835,10.2704,82.99,8,2,7.0,clear sky
97,Thanh Hoa,VN,19.8,105.7667,68.92,83,83,1.77,broken clouds
98,Vila Franca Do Campo,PT,37.7167,-25.4333,60.8,77,75,16.11,broken clouds
99,Kaitangata,NZ,-46.2817,169.8464,57.99,94,49,1.99,scattered clouds
100,Yerbogachen,RU,61.2767,108.0108,16.97,97,100,6.04,light snow
101,Saint-Philippe,RE,-21.3585,55.7679,80.6,78,75,5.75,light rain
102,Kavieng,PG,-2.5744,150.7967,82.63,78,34,10.02,scattered clouds
103,Faya,SA,18.3851,42.4509,59.0,67,0,3.44,clear sky
104,Novyy Urengoy,RU,66.0833,76.6333,-3.57,92,100,19.66,light snow
105,Faanui,PF,-16.4833,-151.75,80.92,75,3,12.97,light rain
106,Saldanha,ZA,-33.0117,17.9442,73.4,46,0,23.02,clear sky
107,Hasaki,JP,35.7333,140.8333,39.2,70,20,3.44,few clouds
108,Jaguaribe,BR,-5.8906,-38.6219,99.28,23,75,7.81,broken clouds
109,Bundoran,IE,54.4778,-8.2809,37.4,75,90,14.97,overcast clouds
110,Ilheus,BR,-14.7889,-39.0494,86.0,70,75,6.91,broken clouds
111,Korla,CN,41.7597,86.1469,33.4,74,83,7.61,broken clouds
112,Vanimo,PG,-2.6741,141.3028,77.65,86,100,2.64,overcast clouds
113,Iqaluit,CA,63.7506,-68.5145,24.8,68,75,21.85,snow
114,La Orilla,MX,17.9833,-102.2333,84.63,49,10,2.1,clear sky
115,Lebu,CL,-37.6167,-73.65,64.09,74,71,3.89,broken clouds
116,Kununurra,AU,-15.7667,128.7333,78.8,100,40,2.3,light rain
117,Tuatapere,NZ,-46.1333,167.6833,53.65,76,94,4.74,overcast clouds
118,Burnie,AU,-41.0667,145.9167,57.0,67,79,5.66,broken clouds
119,Cidreira,BR,-30.1811,-50.2056,77.65,63,50,9.84,scattered clouds
120,Meadow Lake,US,34.8014,-106.5436,45.0,26,1,6.42,clear sky
121,Muros,ES,42.7762,-9.0603,52.0,92,100,17.0,moderate rain
122,Castro,BR,-24.7911,-50.0119,73.99,44,0,3.2,clear sky
123,Namwala,ZM,-15.7504,26.4384,71.37,91,100,3.78,overcast clouds
124,Hualmay,PE,-11.0964,-77.6139,76.73,62,100,8.01,overcast clouds
125,Kieta,PG,-6.2167,155.6333,79.5,80,99,4.23,overcast clouds
126,Sepolno Krajenskie,PL,53.452,17.5317,18.0,93,100,5.01,overcast clouds
127,Linxi,CN,39.7,118.4333,24.73,74,0,3.0,clear sky
128,Leova,MD,46.4786,28.2553,31.8,96,100,13.42,overcast clouds
129,Vice,PE,-5.4167,-80.7833,86.36,45,5,8.48,clear sky
130,Arlit,NE,18.7369,7.3853,80.2,12,94,5.44,overcast clouds
131,Swift Current,CA,50.2834,-107.8014,-23.8,76,1,6.91,clear sky
132,Ouesso,CG,1.6136,16.0517,83.32,51,51,1.74,broken clouds
133,Harper,LR,4.375,-7.7169,84.27,72,82,8.43,broken clouds
134,Firminy,FR,45.3873,4.2907,44.6,61,75,9.22,broken clouds
135,Port Alfred,ZA,-33.5906,26.891,68.0,94,57,20.42,light rain
136,Katsuura,JP,35.1333,140.3,46.4,53,0,16.11,clear sky
137,Norman Wells,CA,65.282,-126.8329,-27.4,75,90,2.3,light snow
138,Landsberg,PL,52.7368,15.2288,21.99,51,99,20.58,light snow
139,Thompson,CA,55.7435,-97.8558,-36.4,67,75,13.8,snow
140,Melnikovo,RU,56.5558,84.085,17.29,94,62,14.25,broken clouds
141,Khorixas,NA,-20.3667,14.9667,82.09,31,100,18.45,overcast clouds
142,Kloulklubed,PW,7.0419,134.2556,77.0,100,90,8.05,overcast clouds
143,Tuktoyaktuk,CA,69.4541,-133.0374,-22.0,76,90,14.97,snow
144,Laguna,US,38.421,-121.4238,45.0,93,1,4.88,mist
145,Odweyne,SO,9.4092,45.064,67.55,60,1,12.71,clear sky
146,Verkhnetulomskiy,RU,68.6073,31.7962,14.0,92,75,2.24,light snow
147,Hami,CN,42.8,93.45,30.43,81,43,2.95,scattered clouds
148,Jamestown,US,42.097,-79.2353,21.0,86,90,9.22,light snow
149,Zeya,RU,53.75,127.2667,-14.17,83,34,3.42,scattered clouds
150,Sao Raimundo Nonato,BR,-9.0153,-42.6994,91.49,41,76,4.05,broken clouds
151,Hay River,CA,60.8156,-115.7999,-40.0,67,30,4.61,scattered clouds
152,Vila,PT,42.0304,-8.1588,44.01,95,100,18.99,overcast clouds
153,Songea,TZ,-10.6833,35.65,78.8,69,75,5.75,moderate rain
154,Chuy,UY,-33.6971,-53.4616,76.84,59,1,7.76,clear sky
155,Beringovskiy,RU,63.05,179.3167,-5.49,89,99,13.94,overcast clouds
156,Ridgecrest,US,35.6225,-117.6709,35.6,38,1,1.1,clear sky
157,Port Lincoln,AU,-34.7333,135.8667,59.5,80,14,16.46,few clouds
158,Baykit,RU,61.67,96.37,25.61,96,100,5.3,overcast clouds
159,Finnsnes,NO,69.2296,17.9811,24.8,80,75,6.91,light snow
160,Bireun,ID,5.203,96.7009,78.22,84,70,3.65,broken clouds
161,Talnakh,RU,69.4865,88.3972,-23.55,72,0,3.74,clear sky
162,Ribeira Grande,PT,38.5167,-28.7,64.4,68,40,19.57,scattered clouds
163,Jinchang,CN,38.4953,102.1739,30.49,74,100,2.37,overcast clouds
164,Namibe,AO,-15.1961,12.1522,78.8,65,40,11.5,scattered clouds
165,Kruisfontein,ZA,-34.0033,24.7314,68.0,88,100,4.0,overcast clouds
166,Adrar,MR,20.5022,-10.0711,71.78,21,0,15.66,clear sky
167,Nidau,CH,47.1255,7.2403,41.0,75,75,6.91,light rain
168,Lethem,GY,3.3803,-59.7968,84.2,65,40,13.8,scattered clouds
169,Axim,GH,4.8699,-2.2405,82.78,77,100,8.25,overcast clouds
170,Clinton,US,42.587,-82.9199,14.0,61,75,10.36,broken clouds
171,Galich,RU,58.3797,42.3475,-14.82,87,98,7.18,overcast clouds
172,Aklavik,CA,68.2191,-135.0107,-11.2,70,90,13.8,snow
173,Najran,SA,17.4924,44.1277,69.8,35,26,6.91,scattered clouds
174,Teknaf,BD,20.8624,92.3058,70.03,56,0,14.58,clear sky
175,Kangaatsiaq,GL,68.3065,-53.4641,21.97,85,0,23.71,clear sky
176,Camacha,PT,33.0833,-16.3333,60.8,88,40,17.27,scattered clouds
177,Rouvroy,FR,50.3925,2.904,30.99,86,90,9.22,overcast clouds
178,Lapua,FI,62.9693,23.0088,23.0,96,100,5.99,overcast clouds
179,Bambous Virieux,MU,-20.3428,57.7575,81.0,78,20,10.36,few clouds
180,Provideniya,RU,64.3833,-173.3,-3.64,77,18,14.43,few clouds
181,Halifax,CA,44.6453,-63.5724,30.2,51,100,1.14,overcast clouds
182,Trincomalee,LK,8.5711,81.2335,79.41,83,54,16.4,broken clouds
183,Novo Aripuana,BR,-5.1206,-60.3797,84.99,82,79,0.51,light rain
184,Road Town,VG,18.4167,-64.6167,84.2,61,40,14.97,scattered clouds
185,Bengkulu,ID,-3.8004,102.2655,77.36,85,100,6.42,light rain
186,Chino Valley,US,34.7575,-112.4538,48.99,44,1,2.64,clear sky
187,Xuddur,SO,4.1213,43.8894,80.37,35,0,9.57,clear sky
188,Portland,US,45.5234,-122.6762,42.01,87,90,4.61,overcast clouds
189,Cabo San Lucas,MX,22.8909,-109.9124,66.2,72,40,3.44,scattered clouds
190,Tabory,RU,58.5198,64.5495,1.49,92,100,12.88,overcast clouds
191,Tiznit,MA,29.5833,-9.5,54.0,67,28,12.77,scattered clouds
192,Saintes,FR,45.6667,-0.75,48.2,66,75,8.05,broken clouds
193,Gat,IL,31.61,34.7642,63.0,100,0,5.68,clear sky
194,Tilichiki,RU,60.4667,166.1,9.09,96,100,14.76,light snow
195,Kamiiso,JP,41.8167,140.65,20.35,92,30,12.06,scattered clouds
196,The Pas,CA,53.8251,-101.2541,-34.6,61,1,14.97,clear sky
197,Vilyuysk,RU,63.7553,121.6247,-23.58,85,78,10.42,broken clouds
198,Qianguo,CN,45.1171,124.8568,-9.69,87,66,2.71,broken clouds
199,Half Moon Bay,US,37.4636,-122.4286,48.99,100,90,6.91,mist
200,Padang,ID,-0.9492,100.3543,82.4,74,20,6.91,few clouds
201,Walvis Bay,NA,-22.9575,14.5053,69.8,68,28,10.36,scattered clouds
202,Kodiak,US,57.79,-152.4072,26.6,63,1,4.61,clear sky
203,Hailar,CN,49.2,119.7,-16.62,86,1,1.48,clear sky
204,Bonavista,CA,48.6499,-53.1147,33.01,51,66,20.71,broken clouds
205,Lugovoy,KZ,42.9472,72.7644,37.9,78,100,7.27,overcast clouds
206,Payakumbuh,ID,-0.2202,100.6308,70.47,87,100,1.48,overcast clouds
207,Lavrentiya,RU,65.5833,-171.0,-10.97,82,0,6.26,clear sky
208,Tiksi,RU,71.6872,128.8694,-29.34,83,83,3.42,broken clouds
209,Bayan,CN,46.0833,127.4,-15.59,88,0,5.48,clear sky
210,Novopokrovka,UA,49.8425,36.5477,10.4,67,20,8.95,few clouds
211,Ilulissat,GL,69.2167,-51.1,26.6,33,0,11.5,clear sky
212,Shellbrook,CA,53.2168,-106.4011,-34.6,67,1,5.75,mist
213,Grindavik,IS,63.8424,-22.4338,35.6,60,20,14.97,few clouds
214,Mount Gambier,AU,-37.8333,140.7667,55.4,71,90,6.91,overcast clouds
215,Tabas,IR,33.5959,56.9244,60.8,18,0,2.3,clear sky
216,Lompoc,US,34.6391,-120.4579,53.01,93,1,3.44,clear sky
217,Port Said,EG,31.2565,32.2841,64.4,72,0,5.75,clear sky
218,Marawi,PH,7.9986,124.2928,75.99,94,100,3.0,overcast clouds
219,Bollnas,SE,61.3482,16.3946,14.0,81,0,1.99,clear sky
220,Joetsu,JP,37.1483,138.2364,37.99,81,85,1.99,light rain
221,Vila Do Maio,CV,15.1333,-23.2167,73.4,53,75,25.32,broken clouds
222,Esmeralda,CU,21.8525,-78.1169,86.0,54,20,2.3,few clouds
223,Narsaq,GL,60.9167,-46.05,39.2,33,20,49.48,few clouds
224,Karratha,AU,-20.7377,116.8463,79.3,68,9,10.49,clear sky
225,Cazzago San Martino,IT,45.5938,10.0419,51.01,84,100,1.77,overcast clouds
226,Huilong,CN,31.8111,121.655,51.01,78,97,5.99,light rain
227,Karwar,IN,14.8,74.1333,75.96,52,0,6.73,clear sky
228,Kuminskiy,RU,58.6667,66.5667,2.7,92,100,14.5,overcast clouds
229,Port-Gentil,GA,-0.7193,8.7815,80.6,78,40,4.61,scattered clouds
230,Ostersund,SE,63.1792,14.6357,15.8,92,90,9.22,overcast clouds
231,Mercedes,AR,-34.6515,-59.4307,87.01,38,0,4.0,clear sky
232,Manggar,ID,-2.8833,108.2667,79.9,81,85,12.8,overcast clouds
233,Wanning,CN,18.8003,110.3967,69.28,88,29,4.7,scattered clouds
234,Awjilah,LY,29.1081,21.2869,70.52,23,80,11.54,broken clouds
235,Batagay,RU,67.6333,134.6333,-30.93,82,0,1.66,clear sky
236,Dunedin,NZ,-45.8742,170.5036,57.99,91,47,5.01,scattered clouds
237,Los Llanos De Aridane,ES,28.6585,-17.9182,66.2,63,75,11.5,broken clouds
238,Saint-Francois,FR,46.4154,3.9054,44.6,65,90,6.91,overcast clouds
239,Shreveport,US,32.5251,-93.7502,44.6,75,90,8.05,overcast clouds
240,Seydisehir,TR,37.4193,31.8453,47.71,64,72,4.54,broken clouds
241,Sao Filipe,CV,14.8961,-24.4956,71.33,67,68,10.4,broken clouds
242,Kolodeznyy,RU,51.3333,39.1833,5.0,66,0,11.18,clear sky
243,Rongcheng,CN,30.634,117.8517,50.7,82,100,8.81,light rain
244,San Andres,CO,12.5847,-81.7006,84.2,65,20,16.11,few clouds
245,Vardo,NO,70.3705,31.1107,24.8,74,75,28.77,snow
246,Sitka,US,57.0531,-135.33,28.4,64,75,3.44,broken clouds
247,Tessalit,ML,20.1986,1.0114,76.8,18,98,11.32,overcast clouds
248,Prado,BR,-17.3411,-39.2208,82.42,81,55,10.6,light rain
249,Moose Factory,CA,51.2585,-80.6094,-7.6,70,75,5.75,broken clouds
250,Pella,RU,59.7775,30.8181,15.8,92,75,11.18,light snow
251,Callaway,US,30.153,-85.5699,51.01,87,90,13.8,light intensity drizzle
252,Plettenberg Bay,ZA,-34.0527,23.3716,66.31,75,98,6.38,overcast clouds
253,Piacabucu,BR,-10.4056,-36.4344,85.77,62,86,15.1,overcast clouds
254,Belaya Gora,RU,68.5333,146.4167,-28.59,83,42,4.29,scattered clouds
255,Maun,BW,-19.9833,23.4167,73.4,100,75,11.5,broken clouds
256,Cervo,ES,43.6702,-7.4101,55.0,77,100,8.99,overcast clouds
257,Acu,BR,-5.5767,-36.9086,98.6,36,40,9.22,scattered clouds
258,Aykhal,RU,66.0,111.5,-24.63,83,100,5.32,overcast clouds
259,Nabinagar,BD,23.8917,90.9733,68.0,68,40,11.5,haze
260,Martapura,ID,-3.4167,114.85,77.0,94,75,3.44,broken clouds
261,Yantal,RU,56.8471,105.2542,21.79,96,100,6.85,overcast clouds
262,Henties Bay,NA,-22.116,14.2845,66.0,85,74,3.0,broken clouds
263,Pecsvarad,HU,46.1603,18.4232,48.2,87,90,8.05,overcast clouds
264,Samana,DO,19.2056,-69.3369,80.6,83,20,6.91,few clouds
265,Severo-Kurilsk,RU,50.6789,156.125,19.8,89,94,18.63,overcast clouds
266,Tibiri,NE,13.5627,7.0485,89.6,7,0,11.5,clear sky
267,Mangrol,IN,21.1167,70.1167,71.2,57,0,4.16,clear sky
268,Shangrao,CN,28.4532,117.9686,60.44,79,87,2.95,overcast clouds
269,Baculin,PH,7.4525,126.5842,76.73,87,100,4.94,overcast clouds
270,Madimba,TZ,-10.4,40.3333,82.4,83,40,11.5,scattered clouds
271,Kahului,US,20.8947,-156.47,64.0,77,20,4.61,few clouds
272,Poum,NC,-20.2333,164.0167,79.63,70,94,1.66,overcast clouds
273,Teodoro Sampaio,BR,-22.5325,-52.1675,82.49,57,0,5.93,clear sky
274,Longyan,CN,25.1072,117.0225,58.33,72,0,1.3,clear sky
275,Mahdasht,IR,35.7299,50.8111,42.8,93,90,4.61,mist
276,Bansko,BG,41.8383,23.4885,46.22,61,92,3.8,overcast clouds
277,Ponta Delgada,PT,37.7333,-25.6667,60.8,77,75,16.11,broken clouds
278,Finschhafen,PG,-6.6024,147.8681,81.45,79,90,5.59,overcast clouds
279,Pacifica,US,37.6138,-122.4869,52.0,81,20,3.44,few clouds
280,Swan Hill,AU,-35.3378,143.5544,58.41,62,90,11.65,overcast clouds
281,Bac Lieu,VN,9.285,105.7244,76.55,81,99,14.23,overcast clouds
282,Cotonou,BJ,6.3654,2.4183,89.6,70,20,14.97,few clouds
283,Zilair,RU,52.2332,57.4392,-3.44,91,100,13.15,overcast clouds
284,Catalina Foothills,US,32.2979,-110.9187,57.99,32,1,5.75,clear sky
285,Boguchany,RU,58.3814,97.4531,21.24,96,98,5.82,overcast clouds
286,Mareeba,AU,-17.0,145.4333,81.0,94,40,9.22,scattered clouds
287,Denizli,TR,37.8402,29.0698,57.2,51,0,10.36,clear sky
288,Evora,PT,38.5667,-7.9,51.8,87,75,11.5,broken clouds
289,Victoria,HK,22.2855,114.1577,68.0,81,0,1.01,clear sky
290,Terrell,US,32.736,-96.2753,43.0,87,90,6.91,overcast clouds
291,Nantucket,US,41.2835,-70.0995,37.4,93,90,18.41,light rain
292,Hoopstad,ZA,-27.8327,25.9083,78.51,50,7,2.1,clear sky
293,Sault Sainte Marie,CA,46.5168,-84.3333,8.6,61,1,14.97,light snow
294,Georgetown,MY,5.4112,100.3354,84.99,83,20,3.44,few clouds
295,Broome,US,42.2506,-75.833,33.01,93,90,12.66,snow
296,Beian,NO,63.6559,9.5683,23.0,86,40,6.91,scattered clouds
297,Hithadhoo,MV,-0.6,73.0833,82.02,73,52,11.77,broken clouds
298,Miandrivazo,MG,-19.5167,45.4667,80.1,81,91,4.54,moderate rain
299,Cape Town,ZA,-33.9258,18.4232,71.6,53,0,25.32,clear sky
300,Samarai,PG,-10.6167,150.6667,82.11,78,47,5.61,scattered clouds
301,Husavik,IS,66.0449,-17.3389,33.8,69,75,4.61,broken clouds
302,New Norfolk,AU,-42.7826,147.0587,55.4,58,90,9.22,overcast clouds
303,Bandipur,NP,27.9333,84.4167,46.22,79,0,2.71,clear sky
304,Harnosand,SE,62.6323,17.9379,21.2,79,0,8.05,clear sky
305,Vidim,RU,56.4088,103.1106,16.84,94,100,7.25,overcast clouds
306,Quatre Cocos,MU,-20.2078,57.7625,81.0,78,20,10.36,light rain
307,Sacramento,US,38.4666,-121.3177,44.01,93,1,3.47,mist
308,San Quintin,MX,30.4833,-115.95,61.57,60,0,3.65,clear sky
309,Gao,ML,16.6362,1.637,89.31,12,96,3.83,overcast clouds
310,Fort Nelson,CA,58.8053,-122.7002,-34.6,67,40,4.61,scattered clouds
311,Aksu,CN,41.1231,80.2644,34.11,74,100,1.92,snow
312,Chaykovskaya,RU,58.1279,55.5378,-0.4,78,75,17.9,light snow
313,Mikun,RU,62.3547,50.0771,-18.72,85,100,9.89,overcast clouds
314,Dingle,PH,10.9995,122.6711,75.78,90,100,8.61,moderate rain
315,Bara,NG,10.3744,10.7288,88.45,13,65,7.67,broken clouds
316,Westport,US,41.1415,-73.3579,30.99,86,90,14.97,heavy snow
317,Huarmey,PE,-10.0681,-78.1522,76.24,61,92,8.39,overcast clouds
318,Alofi,NU,-19.0595,-169.9187,77.0,94,80,4.61,broken clouds
319,Port Hedland,AU,-20.3167,118.5667,78.8,73,40,9.22,scattered clouds
320,Cap Malheureux,MU,-19.9842,57.6142,81.0,76,67,5.01,broken clouds
321,Kudahuvadhoo,MV,2.6708,72.8944,81.84,73,45,15.75,scattered clouds
322,Eyl,SO,7.9803,49.8164,77.29,72,0,19.04,clear sky
323,Mapiripan,CO,2.8892,-72.1256,85.14,71,82,7.54,broken clouds
324,Coihaique,CL,-45.5752,-72.0662,66.2,48,20,8.05,few clouds
325,Port Hardy,CA,50.6996,-127.4199,39.2,100,75,5.75,light rain
326,Klaksvik,FO,62.2266,-6.589,33.8,86,40,5.75,light snow
327,Nehe,CN,48.4833,124.8333,-9.02,86,0,3.02,clear sky
328,Tokur,RU,53.1333,132.9,-21.75,88,43,0.47,scattered clouds
329,San Pedro De Macoris,DO,18.4616,-69.2972,86.0,62,40,9.22,scattered clouds
330,Sayat,TM,38.7839,63.8803,50.0,76,0,6.91,clear sky
331,Tshela,CD,-4.9833,12.9333,79.52,86,77,4.38,light rain
332,Gamba,GA,-2.65,10.0,79.59,83,100,6.44,moderate rain
333,Cabedelo,BR,-6.9811,-34.8339,89.6,58,75,12.66,broken clouds
334,Noumea,NC,-22.2763,166.4572,78.01,94,0,2.3,clear sky
335,Emba,KZ,48.8264,58.1442,12.58,95,34,10.98,scattered clouds
336,Bodden Town,KY,19.2833,-81.25,84.99,65,20,12.66,few clouds
337,Shimoda,JP,34.6667,138.95,42.01,53,0,1.01,clear sky
338,Inta,RU,66.0317,60.1659,-16.17,88,100,10.47,light snow
339,Lovozero,RU,68.005,35.0117,9.82,94,91,12.82,overcast clouds
340,Khudumelapye,BW,-23.8833,24.75,67.41,88,96,7.36,overcast clouds
341,Vostok,RU,46.4856,135.8833,-12.77,90,100,2.91,overcast clouds
342,Claveria,PH,18.6074,121.0832,75.74,87,97,12.26,overcast clouds
343,Puri,IN,19.8,85.85,71.6,64,20,3.0,haze
344,Conceicao Da Barra,BR,-18.5933,-39.7322,83.97,70,91,6.73,light rain
345,Anadyr,RU,64.75,177.4833,10.4,40,0,6.71,clear sky
346,Okha,RU,53.5739,142.9478,8.44,94,100,25.52,light snow
347,Ginir,ET,7.1333,40.7,65.64,46,83,1.79,broken clouds
348,Ha Giang,VN,22.8333,104.9833,68.59,75,100,0.96,overcast clouds
349,Leh,IN,34.1667,77.5833,14.5,58,0,1.77,clear sky
350,Chicama,PE,-7.8447,-79.1469,71.6,83,0,10.36,light rain
351,Alta Floresta,BR,-9.8756,-56.0861,84.2,74,75,5.75,broken clouds
352,Sinnamary,GF,5.3833,-52.95,78.96,87,75,13.78,broken clouds
353,Tarnogskiy Gorodok,RU,60.4997,43.5761,-16.47,87,100,7.85,overcast clouds
354,Ahipara,NZ,-35.1667,173.1667,59.85,88,72,6.17,broken clouds
355,Turinsk,RU,58.0458,63.696,-0.54,91,100,13.44,overcast clouds
356,Hofn,IS,64.2539,-15.2082,36.23,84,100,18.57,overcast clouds
357,Otane,NZ,-39.8833,176.6333,54.0,91,29,1.99,scattered clouds
358,Sandnessjoen,NO,66.0217,12.6316,24.8,80,40,2.3,scattered clouds
359,Honiara,SB,-9.4333,159.95,77.94,81,93,4.59,overcast clouds
360,Smolenka,RU,52.1352,113.4974,-11.2,77,100,1.92,overcast clouds
361,Bathsheba,BB,13.2167,-59.5167,84.2,58,40,23.02,scattered clouds
362,Bloomfield,US,40.8068,-74.1854,33.01,93,90,14.97,snow
363,Chimbote,PE,-9.0853,-78.5783,77.94,58,64,10.33,broken clouds
364,Paita,PE,-5.0892,-81.1144,87.8,51,0,13.8,clear sky
365,La Rioja,ES,42.25,-2.5,50.0,57,75,10.36,broken clouds
366,Junction City,US,39.0286,-96.8314,10.0,72,90,9.22,light snow
367,Santa Apolonia,GT,14.7914,-90.9708,73.4,53,0,11.5,clear sky
368,Havoysund,NO,70.9963,24.6622,28.4,64,75,25.32,light snow
369,Sorland,NO,67.667,12.6934,37.4,65,20,17.27,few clouds
370,Sauda,NO,59.6506,6.3542,23.0,57,0,5.01,clear sky
371,Lumsden,CA,50.6501,-104.8678,-31.0,75,20,4.61,few clouds
372,Taltal,CL,-25.4,-70.4833,69.58,62,16,7.58,few clouds
373,Zhangye,CN,38.9342,100.4517,31.05,70,74,5.35,broken clouds
374,Kalur Kot,PK,32.1564,71.2594,59.36,39,0,1.79,clear sky
375,Nanakuli,US,21.3906,-158.1547,62.01,77,75,4.61,broken clouds
376,Sucre,BO,-19.0333,-65.2627,66.96,54,83,8.28,broken clouds
377,Fairbanks,US,64.8378,-147.7164,-11.99,76,1,3.44,clear sky
378,Mingyue,CN,43.1069,128.9217,1.65,85,22,13.27,few clouds
379,Tagusao,PH,9.1924,117.8141,79.05,83,96,4.9,overcast clouds
380,San Policarpo,PH,12.1791,125.5072,80.24,84,100,17.43,overcast clouds
381,Udachnyy,RU,66.4167,112.4,-24.79,84,100,7.83,overcast clouds
382,La Romana,DO,18.4273,-68.9728,86.0,66,40,4.61,scattered clouds
383,Tucurui,BR,-3.7661,-49.6725,91.45,52,45,2.37,scattered clouds
384,Mahebourg,MU,-20.4081,57.7,80.6,78,20,10.36,few clouds
385,Bluefield,US,37.2698,-81.2223,34.0,93,90,10.36,light snow
386,Tucupita,VE,9.0622,-62.051,82.08,71,95,5.68,overcast clouds
387,Carlyle,US,38.6103,-89.3726,15.01,61,1,8.12,clear sky
388,Maniitsoq,GL,65.4167,-52.9,27.77,82,0,16.22,clear sky
389,Vao,NC,-22.6667,167.4833,77.2,87,11,6.2,few clouds
390,Miass,RU,55.045,60.1083,-6.27,87,74,5.75,broken clouds
391,Pachino,IT,36.7186,15.0907,64.4,52,75,6.91,broken clouds
392,Gizo,SB,-8.103,156.8419,82.51,76,55,7.96,broken clouds
393,Ulaanbaatar,MN,47.9077,106.8832,-16.6,76,0,2.24,clear sky
394,Leningradskiy,RU,69.3833,178.4167,-13.67,77,7,5.41,clear sky
395,Denia,ES,38.8408,0.1057,62.01,43,34,8.01,scattered clouds
396,Azul,AR,-36.777,-59.8585,77.0,67,4,4.0,clear sky
397,Hervey Bay,AU,-25.2986,152.8535,80.01,83,55,1.01,broken clouds
398,Along,IN,28.1667,94.7667,54.18,56,0,2.06,clear sky
399,Esil,KZ,51.9556,66.4042,11.61,95,100,13.18,overcast clouds
400,Eureka,US,40.8021,-124.1637,46.0,89,1,4.05,clear sky
401,Cayenne,GF,4.9333,-52.3333,82.4,83,90,14.97,overcast clouds
402,Meghri,AM,38.9029,46.2446,46.81,51,0,6.06,clear sky
403,Belyy Yar,RU,53.6039,91.3903,12.2,92,89,2.24,mist
404,Aguas Formosas,BR,-17.0822,-40.9358,80.02,64,99,6.76,overcast clouds
405,Olbia,IT,40.9214,9.4856,53.6,94,75,4.61,broken clouds
406,Port Blair,IN,11.6667,92.75,79.39,77,0,9.28,clear sky
407,Manaus,BR,-3.1019,-60.025,84.2,83,75,4.61,light rain
408,Mingguang,CN,32.7802,117.9638,42.49,65,100,15.68,overcast clouds
409,Poso,ID,-1.3959,120.7524,82.99,79,100,3.89,overcast clouds
410,Te Anau,NZ,-45.4167,167.7167,54.21,81,99,3.13,overcast clouds
411,Yar-Sale,RU,66.8333,70.8333,-11.22,90,100,24.7,light snow
412,Bonthe,SL,7.5264,-12.505,83.88,70,36,13.44,scattered clouds
413,Dalvik,IS,65.9702,-18.5286,33.8,69,75,4.61,broken clouds
414,Hanmer Springs,NZ,-42.5167,172.8167,55.49,78,0,7.05,clear sky
415,Palmer,US,42.1584,-72.3287,30.99,63,90,4.61,snow
416,Bohl-Iggelheim,DE,49.3806,8.3039,45.0,93,90,5.75,light rain
417,Ukiah,US,39.1502,-123.2078,42.01,93,1,2.17,clear sky
418,North Bend,US,43.4065,-124.2243,44.6,93,90,3.44,overcast clouds
419,Inirida,CO,3.8653,-67.9239,83.05,83,78,2.3,broken clouds
420,Shizukuishi,JP,39.6833,140.9833,16.36,92,8,4.36,clear sky
421,College,US,64.8569,-147.8028,-11.99,69,75,2.46,broken clouds
422,Shache,CN,38.4167,77.2406,34.25,74,22,2.24,few clouds
423,Palana,RU,59.1167,159.9667,16.74,91,100,31.36,overcast clouds
424,Nailon,PH,11.0521,124.0385,78.48,86,100,12.48,overcast clouds
425,Neuquen,AR,-38.9516,-68.0591,64.4,59,90,5.75,overcast clouds
426,Ashdod,IL,31.8167,34.65,62.6,77,0,4.61,clear sky
427,Bishop Auckland,GB,54.6555,-1.6771,34.0,72,100,18.81,light snow
428,Amnat Charoen,TH,15.9167,104.75,71.8,74,17,14.14,few clouds
429,Zhigalovo,RU,54.8097,105.1578,14.36,92,100,2.42,overcast clouds
430,Maumere,ID,-8.6199,122.2111,80.02,78,100,1.3,overcast clouds
431,Imbituba,BR,-28.24,-48.6703,84.2,39,0,13.8,clear sky
432,Cuamba,MZ,-14.8031,36.5372,75.79,89,79,2.64,light rain
433,Ken Caryl,US,39.5773,-105.1169,48.0,14,0,8.01,clear sky
434,Tres Rios,BR,-22.1167,-43.2092,69.01,85,97,0.58,overcast clouds
435,Vidalia,US,32.2177,-82.4135,46.4,81,90,5.75,overcast clouds
436,Jacksonville,US,30.3322,-81.6556,63.0,82,75,10.36,broken clouds
437,Sola,VU,-13.8833,167.55,81.48,74,16,13.2,few clouds
438,Rognan,NO,67.0953,15.3878,24.01,91,99,0.69,overcast clouds
439,Vanavara,RU,60.34,102.2797,27.14,98,100,9.55,light snow
440,Ahuimanu,US,21.4447,-157.8378,64.0,82,1,2.15,clear sky
441,Mucurapo,TT,10.6667,-61.5333,86.0,54,40,17.27,scattered clouds
442,Qasigiannguit,GL,68.8193,-51.1922,26.6,33,0,11.5,clear sky
443,Antofagasta,CL,-23.65,-70.4,75.0,53,0,11.5,clear sky
444,Tres Arroyos,AR,-38.3739,-60.2798,70.38,53,85,15.79,overcast clouds
445,Carmarthen,GB,51.8555,-4.3054,37.99,60,90,16.11,overcast clouds
446,Viedma,AR,-40.8135,-62.9967,66.99,58,52,17.11,broken clouds
447,Lebyazhye,RU,55.2689,66.4947,2.95,91,87,16.42,overcast clouds
448,Kapit,MY,2.0167,112.9333,74.12,95,100,1.41,moderate rain
449,Morehead,US,37.2711,-87.1764,25.0,58,1,9.22,clear sky
450,Baoning,CN,25.3378,110.026,60.8,82,75,5.35,broken clouds
451,Ust-Kuyga,RU,70.0167,135.6,-29.36,82,0,1.45,clear sky
452,Touros,BR,-5.1989,-35.4608,87.8,58,40,16.11,scattered clouds
453,Masunga,BW,-20.6246,27.4488,68.0,100,75,3.44,moderate rain
454,Vitim,RU,59.4511,112.5578,12.13,94,100,10.65,light snow
455,Dongsheng,CN,39.8161,109.9776,20.52,75,0,1.14,clear sky
456,Concordia,AR,-31.393,-58.0209,84.2,58,0,6.91,clear sky
457,Nome,US,64.5011,-165.4064,5.0,85,90,3.44,overcast clouds
458,Xai-Xai,MZ,-25.0519,33.6442,78.33,76,99,7.36,overcast clouds
459,Sora,IT,41.7157,13.6141,55.0,90,100,1.99,light rain
460,Seybaplaya,MX,19.65,-90.6667,77.0,83,40,5.93,scattered clouds
461,Ust-Tsilma,RU,65.441,52.1498,-23.98,84,100,10.18,overcast clouds
462,Kankon,IN,15.0167,74.0167,80.6,69,0,1.14,clear sky
463,Omsukchan,RU,62.5333,155.8,2.35,86,100,13.2,overcast clouds
464,Sobolevo,RU,54.4299,31.8996,1.4,93,25,8.21,scattered clouds
465,Kokkola,FI,63.8385,23.1307,23.0,86,40,6.91,light snow
466,Killybegs,IE,54.6333,-8.45,37.4,75,90,14.97,overcast clouds
467,Turkistan,KZ,43.0,68.0,46.92,82,100,8.3,overcast clouds
468,Turukhansk,RU,65.8167,87.9833,3.36,94,100,15.32,snow
469,Rocha,UY,-34.4833,-54.3333,81.61,50,8,3.74,clear sky
470,Filingue,NE,14.3521,3.3168,92.07,11,86,7.23,overcast clouds
471,Evensk,RU,61.95,159.2333,18.82,82,100,34.83,overcast clouds
472,Ust-Koksa,RU,50.2696,85.6108,20.46,91,99,2.37,overcast clouds
473,Yarega,RU,63.4354,53.5765,-24.65,84,100,10.25,overcast clouds
474,Goksun,TR,38.021,36.4973,57.2,62,40,20.71,scattered clouds
475,Phayao,TH,19.25,100.25,71.01,61,40,5.01,scattered clouds
476,Berbera,SO,10.4396,45.0143,76.3,66,4,3.15,clear sky
477,Marabba,SD,12.35,32.1833,76.03,17,27,11.03,scattered clouds
478,Domoni,KM,-12.2569,44.5319,81.18,80,100,9.13,moderate rain
479,Monroe,US,43.1501,-77.6831,24.01,83,100,5.01,light snow
480,Rochegda,RU,62.8,43.25,-15.41,87,100,7.74,overcast clouds
481,Pandharpur,IN,17.6667,75.3333,74.88,27,5,9.19,clear sky
482,Marinette,US,45.1,-87.6307,-5.8,71,1,9.22,clear sky
483,Bemidji,US,47.4736,-94.8803,-17.0,69,1,12.66,haze
484,Guerrero Negro,MX,27.9769,-114.0611,64.74,38,0,4.12,clear sky
485,Manoel Urbano,BR,-8.8389,-69.2597,82.49,88,100,2.68,overcast clouds
486,Erenhot,CN,43.6475,111.9767,7.38,88,0,4.38,clear sky
487,Coria,ES,39.9879,-6.5377,48.0,85,100,5.99,overcast clouds
488,Dali,CN,25.7,100.1833,43.5,82,19,4.0,few clouds
489,Nizhneangarsk,RU,55.7833,109.55,7.95,94,100,2.26,light snow
490,Mizdah,LY,31.4451,12.9801,70.52,20,100,15.05,overcast clouds
491,Norwich,GB,52.6278,1.2983,33.8,80,75,27.63,snow
492,Ulladulla,AU,-35.35,150.4667,66.2,72,75,11.5,broken clouds
493,Cochrane,CA,51.1834,-114.4687,-15.0,68,20,4.16,haze
494,Coari,BR,-4.085,-63.1414,88.25,63,81,4.43,moderate rain
495,Chadiza,ZM,-14.0678,32.4392,69.71,94,100,2.39,light rain
496,Albanel,CA,48.8832,-72.4487,14.0,79,100,4.61,light snow
497,Okhotsk,RU,59.3833,143.3,13.64,88,100,21.94,overcast clouds
498,High Prairie,CA,55.4334,-116.4858,-40.0,67,26,5.75,scattered clouds
499,Mindelo,CV,16.8901,-24.9804,73.4,49,75,26.46,broken clouds
500,Almaznyy,RU,48.0448,40.045,19.4,63,0,6.71,clear sky
501,Fuerte Olimpo,PY,-21.0415,-57.8738,95.54,27,0,2.82,clear sky
502,Mersing,MY,2.4312,103.8405,78.8,89,91,10.36,overcast clouds
503,Shingu,JP,33.7333,135.9833,42.28,79,0,5.91,clear sky
504,Surt,LY,31.2089,16.5887,73.24,26,100,17.31,overcast clouds
505,Shiyan,CN,32.6475,110.7781,46.02,53,100,8.72,overcast clouds
506,Katherine,AU,-14.4667,132.2667,75.2,94,90,3.44,light rain
507,Sivaki,RU,52.6333,126.75,-16.44,88,29,6.62,scattered clouds
508,Jhelum,PK,32.9331,73.7264,58.46,35,0,2.86,clear sky
509,Pundaguitan,PH,6.3711,126.1689,80.11,82,100,10.85,overcast clouds
510,Ostrovnoy,RU,68.0531,39.5131,9.86,88,99,10.56,overcast clouds
511,Kavaratti,IN,10.5669,72.642,81.68,66,0,7.31,clear sky
512,Baghdad,IQ,33.3406,44.4009,60.8,77,0,4.61,clear sky
513,Siilinjarvi,FI,63.0833,27.6667,17.6,86,75,11.5,light snow
514,Linares,CL,-35.85,-71.6,76.51,51,87,1.95,overcast clouds
515,Zhigansk,RU,66.7697,123.3711,-28.12,82,99,13.27,overcast clouds
516,Nyimba,ZM,-14.5566,30.8149,73.51,92,93,3.83,light rain
517,Upington,ZA,-28.4478,21.2561,96.8,14,20,12.66,few clouds
518,Marzuq,YE,14.4,46.4667,63.5,64,0,2.57,clear sky
519,Ellisras,ZA,-23.6649,27.7443,70.59,79,100,3.53,overcast clouds
520,Jiexiu,CN,37.0244,111.9125,36.36,68,71,1.41,broken clouds
521,Ystad,SE,55.4297,13.8204,26.6,68,75,21.85,light snow
522,Ambon,ID,-3.6954,128.1814,77.0,88,40,9.22,scattered clouds
523,Keti Bandar,PK,24.1447,67.4497,68.14,52,0,7.47,clear sky
524,Caravelas,BR,-17.7125,-39.2481,83.55,78,93,7.96,overcast clouds
525,Byron Bay,AU,-28.65,153.6167,75.2,78,90,8.05,overcast clouds
526,Lodja,CD,-3.4833,23.4333,78.98,63,50,0.69,scattered clouds
527,Kamaishi,JP,39.2667,141.8833,27.5,87,1,14.7,clear sky
528,Quesnel,CA,52.9999,-122.5029,3.2,72,90,5.75,overcast clouds
529,Menongue,AO,-14.6585,17.691,71.17,81,100,3.94,overcast clouds
530,Japura,ID,-0.3167,102.35,75.02,85,100,0.54,overcast clouds
531,Ainazi,LV,57.8636,24.3578,18.28,96,58,5.66,broken clouds
532,Biarritz,FR,43.4801,-1.5556,51.8,71,75,10.36,broken clouds
533,Verkhnevilyuysk,RU,63.4453,120.3167,-13.97,87,50,8.95,scattered clouds
534,Huangzhai,CN,38.0751,112.6595,32.0,51,0,8.95,clear sky
535,Gerash,IR,27.6652,54.1371,64.4,59,40,13.8,scattered clouds
536,Deputatskiy,RU,69.3,139.9,-30.08,86,0,1.57,clear sky
537,Esperance,AU,-33.8667,121.9,64.4,82,40,16.11,scattered clouds
538,Broken Hill,AU,-31.95,141.4333,66.2,42,0,11.5,clear sky
539,Terrace Bay,CA,48.7834,-87.1,-9.4,64,40,3.44,scattered clouds
540,Jumla,NP,29.2747,82.1838,35.46,60,0,6.89,clear sky
541,Le Pont-De-Claix,FR,45.1244,5.7064,42.8,75,75,10.36,broken clouds
542,Bana,CM,5.1481,10.2762,77.58,39,91,4.76,overcast clouds
543,Talara,PE,-4.5772,-81.2719,87.8,51,0,13.8,clear sky
544,Hamilton,US,39.1834,-84.5333,19.0,62,20,9.22,few clouds
545,Preobrazheniye,RU,42.9019,133.9064,7.12,85,0,9.8,clear sky
546,Lac Du Bonnet,CA,50.2536,-96.0612,-20.99,100,53,11.99,broken clouds
547,Yenagoa,NG,4.9247,6.2642,87.4,62,97,11.07,overcast clouds
548,Shenzhen,CN,22.5455,114.0683,69.01,75,0,5.03,clear sky
549,Great Yarmouth,GB,52.6083,1.7305,35.01,80,75,28.77,snow
550,Zalegoshch,RU,52.9008,36.8869,-0.69,93,60,10.07,broken clouds
551,Boa Vista,BR,2.8197,-60.6733,87.8,48,75,14.97,broken clouds
552,Lagoa,PT,39.05,-27.9833,58.12,74,100,19.69,overcast clouds
553,Moron,AR,-34.6534,-58.6198,90.0,33,0,3.0,clear sky
554,Acarau,BR,-2.8856,-40.12,88.72,56,8,16.71,clear sky
555,Clyde River,CA,70.4692,-68.5914,-4.0,84,1,6.91,clear sky
556,Grand Gaube,MU,-20.0064,57.6608,81.0,77,74,7.0,broken clouds
557,Baruun-Urt,MN,46.6806,113.2792,-3.73,86,2,8.37,clear sky
558,Sale,MA,34.0389,-6.8166,61.0,72,40,6.91,scattered clouds
559,Grenaa,DK,56.4158,10.8783,28.4,80,75,18.41,broken clouds
560,Brainerd,US,46.358,-94.2008,-15.0,58,1,9.22,clear sky
561,Belvedere Marittimo,IT,39.6179,15.8617,56.12,84,93,1.41,light rain
562,Cockburn Town,TC,21.4612,-71.1419,77.92,81,3,18.45,clear sky
563,Praia,CV,14.9215,-23.5087,73.4,53,75,25.32,broken clouds
564,Muli,MV,2.9167,73.5667,81.63,74,64,16.35,broken clouds
565,Abu Kamal,SY,34.4506,40.9171,60.26,58,0,8.81,clear sky
566,Gainesville,US,29.6516,-82.3248,63.0,77,90,9.22,overcast clouds
567,Port Pirie,AU,-33.1833,138.0167,64.4,72,0,11.5,clear sky
568,Akdepe,TM,42.0551,59.3788,50.0,81,91,6.91,overcast clouds
569,Vila Velha,BR,-20.3297,-40.2925,70.0,100,90,2.3,mist
570,Sao Joao Da Barra,BR,-21.6403,-41.0511,77.0,73,90,4.23,light rain
571,Emilio Carranza,MX,19.9711,-96.6114,75.29,67,8,10.71,clear sky
572,Khasan,RU,42.4308,130.6434,9.64,85,11,17.92,few clouds
573,Izhma,RU,65.0083,53.9113,-25.64,84,100,11.21,overcast clouds
574,Paamiut,GL,61.994,-49.6678,31.08,85,59,6.87,broken clouds
575,De Aar,ZA,-30.6497,24.0123,88.88,16,0,7.27,clear sky
576,Egvekinot,RU,66.3167,-179.1667,-9.08,78,0,13.4,clear sky
577,Reforma,MX,18.1,-91.0167,78.31,76,20,7.72,few clouds
578,Atar,MR,20.5169,-13.0499,76.46,19,0,18.1,clear sky
579,Yulara,AU,-25.2406,130.9889,78.8,29,0,6.91,clear sky
580,Matagami,CA,49.7502,-77.6328,10.4,72,90,12.66,overcast clouds
581,Port Keats,AU,-14.25,129.55,82.13,81,100,11.81,overcast clouds
582,Aykino,RU,62.2248,49.9922,-18.65,85,100,9.44,overcast clouds
583,Bukama,CD,-9.2,25.85,73.49,90,100,2.13,light rain
584,Manokwari,ID,-0.8667,134.0833,78.57,82,96,2.71,overcast clouds
585,Areosa,PT,41.7178,-8.8571,51.01,93,90,17.27,mist
586,Palu,ID,-0.8917,119.8707,76.23,81,96,1.41,overcast clouds
587,Igarka,RU,67.4667,86.5833,-11.18,85,99,11.74,overcast clouds
588,Langarud,IR,37.197,50.1535,53.6,100,98,4.61,mist
589,Bandarbeyla,SO,9.4942,50.8122,76.84,75,0,15.05,clear sky
590,Kamenka,RU,51.3223,42.7678,-3.98,91,61,10.63,broken clouds
591,Grenfell,AU,-33.9,148.1667,63.77,72,100,7.81,overcast clouds
592,Coxim,BR,-18.5067,-54.76,89.98,39,0,4.94,clear sky
593,Gamboma,CG,-1.8764,15.8644,83.71,62,62,3.62,broken clouds
594,Ruteng,ID,-8.6136,120.4721,62.8,100,88,1.41,overcast clouds
595,Mineral Wells,US,32.8085,-98.1128,48.0,93,90,11.5,overcast clouds
596,Chilca,PE,-12.5211,-76.7372,77.0,73,75,9.22,broken clouds
597,Guiyang,CN,26.5833,106.7167,48.2,93,90,6.71,light rain
598,Weatherford,US,32.7593,-97.7972,37.99,93,90,11.5,overcast clouds
599,Abu Samrah,SY,35.3029,37.1841,55.71,73,0,8.93,clear sky
600,Waipawa,NZ,-41.4122,175.5153,62.6,88,75,11.5,broken clouds
601,Mandalgovi,MN,45.7625,106.2708,12.72,81,0,10.02,clear sky
602,Serebryanyy Bor,RU,56.8,124.8,-27.92,84,15,1.21,few clouds
603,Coquimbo,CL,-29.9533,-71.3436,68.0,60,40,11.5,scattered clouds
604,Conde,BR,-7.2597,-34.9075,89.6,58,75,12.66,broken clouds
605,Kabo,CF,7.6994,18.629,84.79,14,47,3.89,scattered clouds
606,Dedza,MW,-14.3779,34.3332,63.16,100,99,2.82,moderate rain
607,Tingo Maria,PE,-9.2895,-76.0088,84.69,56,100,1.54,overcast clouds
608,Saint-Joseph,RE,-21.3667,55.6167,80.6,78,75,5.75,light rain
609,Ormara,PK,25.2088,64.6357,69.64,51,0,9.89,clear sky
610,Ingham,US,42.6,-84.3833,9.0,66,75,10.36,broken clouds
611,Taupo,NZ,-38.6833,176.0833,55.99,88,89,3.22,overcast clouds
612,Chumikan,RU,54.7183,135.315,-7.51,83,99,26.13,overcast clouds
613,Majene,ID,-3.5403,118.9707,78.01,85,99,2.37,overcast clouds
614,Port Hawkesbury,CA,45.6169,-61.3485,30.99,59,1,12.66,clear sky
615,Lagos,NG,6.5833,3.75,85.96,67,98,10.13,overcast clouds
616,Oksfjord,NO,70.2396,22.3479,26.01,74,40,13.8,light snow
617,Meulaboh,ID,4.1363,96.1285,79.36,79,21,3.15,few clouds
618,Rawson,AR,-43.3002,-65.1023,61.09,51,29,14.14,scattered clouds
619,Kolokani,ML,13.5728,-8.0339,87.01,13,99,13.58,overcast clouds
620,Baykalsk,RU,51.5058,104.1469,17.17,86,57,2.51,broken clouds
621,Ozuluama,MX,21.6667,-97.85,72.63,66,27,6.29,scattered clouds
622,Bagacay,PH,12.9821,124.1415,79.27,84,100,19.64,overcast clouds
623,Kariba,ZW,-16.5167,28.8,77.61,81,99,4.21,overcast clouds
624,Chapais,CA,49.7834,-74.8492,12.2,79,90,9.22,light snow
625,Marsh Harbour,BS,26.5412,-77.0636,78.17,76,0,20.67,clear sky
626,Kargasok,RU,59.0556,80.8572,11.53,93,100,15.5,overcast clouds
627,Carauari,BR,-4.8828,-66.8958,87.48,68,65,3.38,broken clouds
628,Zhezkazgan,KZ,47.8043,67.7144,21.51,98,100,13.76,overcast clouds
629,Washington,US,47.5001,-120.5015,36.0,86,1,1.01,clear sky
630,Lasa,IT,46.6166,10.7002,41.0,100,90,5.75,mist
631,Taonan,CN,45.3333,122.7833,-0.06,87,8,4.34,clear sky
632,Todos Santos,MX,23.45,-110.2167,70.0,67,100,5.46,overcast clouds
633,Buraydah,SA,26.326,43.975,57.2,94,75,8.05,broken clouds
634,Saint Anthony,US,45.0205,-93.218,-11.2,58,1,8.05,clear sky
635,Sedalia,US,38.7045,-93.2283,8.01,66,90,12.66,overcast clouds
636,Tupiza,BO,-21.45,-65.7167,68.65,43,79,4.72,broken clouds
637,Levski,BG,43.3667,25.1333,39.0,98,100,1.01,overcast clouds
638,Dzilam Gonzalez,MX,21.2833,-88.9333,78.71,76,84,2.51,broken clouds
639,Kiruna,SE,67.8557,20.2251,21.2,73,90,6.91,light snow
640,Ballina,AU,-28.8667,153.5667,75.2,78,90,8.05,overcast clouds
641,Pochutla,MX,15.7432,-96.4661,80.01,78,90,7.16,overcast clouds
642,Bekhteyevka,RU,50.8072,37.2085,6.8,72,0,11.18,clear sky
643,San Marcos,US,33.1434,-117.1661,57.2,81,1,1.28,clear sky
644,Richards Bay,ZA,-28.783,32.0377,78.87,79,53,4.21,broken clouds
645,Zeulenroda,DE,50.65,11.9833,23.0,82,100,3.0,light snow
646,Sabha,LY,27.0377,14.4283,76.64,15,91,13.85,overcast clouds
647,Sharan,RU,54.8167,54.0,-5.46,90,100,14.25,overcast clouds
648,San Juan,AR,-31.5375,-68.5364,94.73,21,1,17.18,clear sky
649,Shatalovo,RU,54.334,32.4465,-0.33,93,34,8.05,scattered clouds
650,Latung,PH,5.5,120.8833,81.14,81,100,8.05,overcast clouds
651,Heyang,CN,26.1011,107.473,53.94,94,100,3.44,moderate rain
652,Takoradi,GH,4.8845,-1.7554,83.46,78,100,11.43,overcast clouds
653,Santa Marta,CO,11.2408,-74.199,90.0,58,99,15.1,overcast clouds
654,Kalengwa,ZM,-13.4659,25.0027,70.52,90,100,3.87,moderate rain
655,Saint-Augustin,CA,51.226,-58.6502,29.71,92,85,23.49,overcast clouds
656,Perth,AU,-31.9333,115.8333,66.99,94,75,13.8,broken clouds
657,Asau,RO,46.4333,26.4,28.99,74,100,2.95,light snow
658,Jijiga,ET,9.35,42.8,62.28,74,49,11.05,scattered clouds
659,Lazaro Cardenas,MX,17.9583,-102.2,81.27,57,12,2.1,few clouds
660,Inuvik,CA,68.3499,-133.7218,-14.8,76,100,9.22,overcast clouds
661,Porto Empedocle,IT,37.2934,13.5264,57.0,84,65,5.5,broken clouds
662,Gushikawa,JP,26.3544,127.8686,62.6,63,1,6.67,clear sky
663,Togur,RU,58.3631,82.8265,13.95,93,98,15.19,overcast clouds
664,Nisia Floresta,BR,-6.0911,-35.2086,87.8,62,75,16.11,broken clouds
665,Donskoye,RU,45.4552,41.9741,19.4,93,90,4.47,heavy snow
666,Tupik,RU,54.4253,119.9327,-18.96,83,2,2.37,clear sky
667,Smirnykh,RU,49.75,142.8333,-0.26,87,88,7.27,overcast clouds
668,Morros,BR,-9.4467,-46.3003,73.42,80,100,2.42,overcast clouds
669,Merauke,ID,-8.4667,140.3333,79.57,85,93,12.21,overcast clouds
670,Arkhangelskoye,RU,55.8549,35.3287,8.08,95,100,10.27,overcast clouds
671,Naze,JP,28.3667,129.4833,57.9,64,0,8.19,clear sky
672,Dodge City,US,37.7528,-100.0171,15.8,92,90,11.5,mist
673,Cedar City,US,37.6775,-113.0619,39.2,30,1,9.22,clear sky
674,Mackay,AU,-21.15,149.2,80.6,89,40,5.75,moderate rain
675,Trier,DE,49.7557,6.6394,37.4,93,75,6.91,broken clouds
676,Neftcala,AZ,39.3742,49.2472,46.9,78,0,18.48,clear sky
677,Upata,VE,8.0086,-62.3989,86.0,67,100,4.0,overcast clouds
678,Bonnyville,CA,54.2668,-110.735,-41.8,73,20,3.33,mist
679,Bafia,CM,4.75,11.2333,89.2,21,77,3.04,broken clouds
680,Qingdao,CN,36.0986,120.3719,32.0,59,0,11.18,clear sky
681,Constitucion,CL,-35.3333,-72.4167,66.51,68,93,4.52,overcast clouds
682,Uglekamensk,RU,43.2172,133.2303,-2.97,87,25,4.05,scattered clouds
683,Nador,MA,35.174,-2.9287,59.0,72,75,18.41,broken clouds
684,Ambovombe,MG,-25.1667,46.0833,77.92,90,22,9.95,light rain
685,Greeley,US,40.4233,-104.7091,44.01,57,8,1.01,clear sky
686,Sao Pedro,BR,-22.5486,-47.9139,80.69,58,12,7.14,few clouds
687,Biltine,TD,14.5333,20.9167,77.59,15,7,10.2,clear sky
